{"cameraMode":{"drawMode":0,"name":"Shaded","section":"Shading Mode"},"sceneLighting":true,"audioPlay":false,"sceneViewState":{"m_AlwaysRefresh":false,"showFog":true,"showSkybox":true,"showFlares":true,"showImageEffects":true,"showParticleSystems":true,"showVisualEffectGraphs":true,"m_FxEnabled":true},"in2DMode":false,"pivot":{"x":35.329627990722659,"y":140.92596435546876,"z":32.506507873535159},"rotation":{"x":0.17014950513839723,"y":0.014780794270336628,"z":-0.00255317403934896,"w":0.9853086471557617},"size":36.71181106567383,"orthographic":false}