{"cameraMode":{"drawMode":0,"name":"Shaded","section":"Shading Mode"},"sceneLighting":true,"audioPlay":false,"sceneViewState":{"m_AlwaysRefresh":false,"showFog":true,"showSkybox":true,"showFlares":true,"showImageEffects":true,"showParticleSystems":true,"showVisualEffectGraphs":true,"m_FxEnabled":true},"in2DMode":false,"pivot":{"x":175.76637268066407,"y":96.91987609863281,"z":-91.10111999511719},"rotation":{"x":0.12265823036432266,"y":-0.33112025260925295,"z":0.0434621199965477,"w":0.9345821142196655},"size":136.79998779296876,"orthographic":true}