{"cameraMode":{"drawMode":0,"name":"Shaded","section":"Shading Mode"},"sceneLighting":true,"audioPlay":false,"sceneViewState":{"m_AlwaysRefresh":false,"showFog":true,"showSkybox":true,"showFlares":true,"showImageEffects":true,"showParticleSystems":true,"showVisualEffectGraphs":true,"m_FxEnabled":true},"in2DMode":false,"pivot":{"x":120.70148468017578,"y":33.45243835449219,"z":-85.03884887695313},"rotation":{"x":0.2294241338968277,"y":-0.01177874393761158,"z":0.0027759589720517399,"w":0.9732679724693298},"size":84.33900451660156,"orthographic":true}