{"cameraMode":{"drawMode":0,"name":"Shaded","section":"Shading Mode"},"sceneLighting":false,"audioPlay":false,"sceneViewState":{"m_AlwaysRefresh":false,"showFog":true,"showSkybox":true,"showFlares":true,"showImageEffects":true,"showParticleSystems":true,"showVisualEffectGraphs":true,"m_FxEnabled":true},"in2DMode":false,"pivot":{"x":144.85623168945313,"y":153.99887084960938,"z":-20.92157745361328},"rotation":{"x":0.3732075095176697,"y":0.01252405159175396,"z":-0.0050385682843625549,"w":0.9276512265205383},"size":5.060539722442627,"orthographic":false}