{"cameraMode":{"drawMode":0,"name":"Shaded","section":"Shading Mode"},"sceneLighting":true,"audioPlay":false,"sceneViewState":{"m_AlwaysRefresh":false,"showFog":true,"showSkybox":true,"showFlares":true,"showImageEffects":true,"showParticleSystems":true,"showVisualEffectGraphs":true,"m_FxEnabled":true},"in2DMode":false,"pivot":{"x":221.35232543945313,"y":8.577518463134766,"z":-23.66138458251953},"rotation":{"x":0.12021797895431519,"y":-0.12621773779392243,"z":0.015412039123475552,"w":0.9845750331878662},"size":58.099246978759769,"orthographic":true}