{"cameraMode":{"drawMode":0,"name":"Shaded","section":"Shading Mode"},"sceneLighting":true,"audioPlay":false,"sceneViewState":{"m_AlwaysRefresh":false,"showFog":true,"showSkybox":true,"showFlares":true,"showImageEffects":true,"showParticleSystems":true,"showVisualEffectGraphs":true,"m_FxEnabled":true},"in2DMode":false,"pivot":{"x":-220.67156982421876,"y":42.699378967285159,"z":0.06079292297363281},"rotation":{"x":0.1580541431903839,"y":0.28580692410469057,"z":-0.04785291478037834,"w":0.9439576268196106},"size":59.010650634765628,"orthographic":true}