{"cameraMode":{"drawMode":0,"name":"Shaded","section":"Shading Mode"},"sceneLighting":true,"audioPlay":false,"sceneViewState":{"m_AlwaysRefresh":false,"showFog":true,"showSkybox":true,"showFlares":true,"showImageEffects":true,"showParticleSystems":true,"showVisualEffectGraphs":true,"m_FxEnabled":true},"in2DMode":false,"pivot":{"x":119.30813598632813,"y":176.09170532226563,"z":-20.698461532592775},"rotation":{"x":0.4012988209724426,"y":0.08635392785072327,"z":-0.038035959005355838,"w":0.9110760688781738},"size":57.820926666259769,"orthographic":true}