{"cameraMode":{"drawMode":0,"name":"Shaded","section":"Shading Mode"},"sceneLighting":true,"audioPlay":false,"sceneViewState":{"m_AlwaysRefresh":false,"showFog":true,"showSkybox":true,"showFlares":true,"showImageEffects":true,"showParticleSystems":true,"showVisualEffectGraphs":true,"m_FxEnabled":true},"in2DMode":false,"pivot":{"x":141.66241455078126,"y":124.99722290039063,"z":19.084739685058595},"rotation":{"x":0.2579321563243866,"y":-0.02897847257554531,"z":0.0077406563796103,"w":0.9657042026519775},"size":105.89572143554688,"orthographic":true}