{"cameraMode":{"drawMode":0,"name":"Shaded","section":"Shading Mode"},"sceneLighting":true,"audioPlay":false,"sceneViewState":{"m_AlwaysRefresh":false,"showFog":true,"showSkybox":true,"showFlares":true,"showImageEffects":true,"showParticleSystems":true,"showVisualEffectGraphs":true,"m_FxEnabled":true},"in2DMode":false,"pivot":{"x":171.17129516601563,"y":198.64358520507813,"z":-69.05015563964844},"rotation":{"x":0.037486907094717029,"y":-0.014988702721893788,"z":0.0005618122522719204,"w":0.9991913437843323},"size":221.9131317138672,"orthographic":true}